日付,歩数,摂取カロリー
11/1/2024,5439,2500
11/2/2024,2510,2300
11/3/2024,10238,1950
11/4/2024,8209,1850
11/5/2024,9434,1930
11/6/2024,6500,2000
11/7/2024,7100,2100
11/8/2024,8300,1900
11/9/2024,5400,2200
11/10/2024,9100,1850
11/11/2024,7800,2050
11/12/2024,6900,1950
11/13/2024,8500,2150
11/14/2024,7200,1900
11/15/2024,6300,2000
11/16/2024,9500,2250
11/17/2024,8100,1800
11/18/2024,7400,1950
11/19/2024,6800,2100
11/20/2024,7900,1900
11/21/2024,8600,2000
11/22/2024,7000,1850
11/23/2024,6100,2200
11/24/2024,9200,1950
11/25/2024,8000,2050
11/26/2024,7492,1850
11/27/2024,7203,1930
11/28/2024,7302,1850
11/29/2024,6033,2300
11/30/2024,4093,1950
